timestamp,agent_id,agent_type,total_actions,compliant_actions,violations,blocked_actions,warnings_received,compliance_rate,average_response_time
2025-06-22T19:15:56.167965,compliant_agent_01,compliant,10,10,0,0,0,1.0,0.005512078603108724
2025-06-22T19:15:56.167965,compliant_agent_02,compliant,10,10,0,0,0,1.0,0.005411182131086077
2025-06-22T19:15:56.167965,compliant_agent_03,compliant,10,10,0,0,0,1.0,0.006335133597964332
2025-06-22T19:15:56.167965,noncompliant_agent_01,non_compliant,10,10,0,0,0,1.0,0.006542035511561802
2025-06-22T19:15:56.167965,noncompliant_agent_02,non_compliant,10,10,0,0,0,1.0,0.007011958530970982
2025-06-22T19:15:56.167965,mixed_agent_01,mixed_behavior,10,10,0,0,0,1.0,0.00756420407976423
2025-06-22T19:15:56.167965,mixed_agent_02,mixed_behavior,10,10,0,0,0,1.0,0.006432919275192987
2025-06-22T19:15:56.167965,mixed_agent_03,mixed_behavior,10,10,0,0,0,1.0,0.00672656013852074
2025-06-22T19:15:56.167965,mixed_agent_04,mixed_behavior,10,10,0,0,0,1.0,0.007763715017409552
2025-06-22T19:15:56.167965,mixed_agent_05,mixed_behavior,10,10,0,0,0,1.0,0.006584950855800084
2025-06-22T19:15:56.167965,mixed_agent_06,mixed_behavior,10,10,0,0,0,1.0,0.008194333031063988
2025-06-22T19:15:56.167965,mixed_agent_07,mixed_behavior,10,10,0,0,0,1.0,0.007449956167311896
2025-06-22T19:15:56.167965,adaptive_agent_01,adaptive_learning,1,1,0,0,0,1.0,0.006164908409118652
2025-06-22T19:15:56.167965,adaptive_agent_02,adaptive_learning,1,1,0,0,0,1.0,0.0036416848500569663
2025-06-22T19:15:56.167965,adaptive_agent_03,adaptive_learning,1,1,0,0,0,1.0,0.004840453465779622
2025-06-22T19:16:06.177566,compliant_agent_01,compliant,20,20,0,0,0,1.0,0.0058295261569139434
2025-06-22T19:16:06.177566,compliant_agent_02,compliant,20,20,0,0,0,1.0,0.00573458904173316
2025-06-22T19:16:06.177566,compliant_agent_03,compliant,20,20,0,0,0,1.0,0.0068780503621915495
2025-06-22T19:16:06.177566,noncompliant_agent_01,non_compliant,20,20,0,0,0,1.0,0.008138924110226514
2025-06-22T19:16:06.177566,noncompliant_agent_02,non_compliant,20,20,0,0,0,1.0,0.0077117710578732375
2025-06-22T19:16:06.177566,mixed_agent_01,mixed_behavior,20,20,0,0,0,1.0,0.00663557866724526
2025-06-22T19:16:06.177566,mixed_agent_02,mixed_behavior,20,20,0,0,0,1.0,0.005769351633583627
2025-06-22T19:16:06.177566,mixed_agent_03,mixed_behavior,20,20,0,0,0,1.0,0.006329873713051401
2025-06-22T19:16:06.177566,mixed_agent_04,mixed_behavior,20,20,0,0,0,1.0,0.006510734558105469
2025-06-22T19:16:06.177566,mixed_agent_05,mixed_behavior,20,20,0,0,0,1.0,0.006228487666060285
2025-06-22T19:16:06.177566,mixed_agent_06,mixed_behavior,20,20,0,0,0,1.0,0.007724128118375453
2025-06-22T19:16:06.177566,mixed_agent_07,mixed_behavior,20,20,0,0,0,1.0,0.006737133351767935
2025-06-22T19:16:06.177566,adaptive_agent_01,adaptive_learning,1,1,0,0,0,1.0,0.006468588655645197
2025-06-22T19:16:06.177566,adaptive_agent_02,adaptive_learning,1,1,0,0,0,1.0,0.0035839839415116744
2025-06-22T19:16:06.177566,adaptive_agent_03,adaptive_learning,1,1,0,0,0,1.0,0.004877198826182972
2025-06-22T19:16:16.178484,compliant_agent_01,compliant,30,30,0,0,0,1.0,0.005581515734312964
2025-06-22T19:16:16.178484,compliant_agent_02,compliant,30,30,0,0,0,1.0,0.005621808474181128
2025-06-22T19:16:16.178484,compliant_agent_03,compliant,30,30,0,0,0,1.0,0.006835198793254915
2025-06-22T19:16:16.178484,noncompliant_agent_01,non_compliant,30,30,0,0,0,1.0,0.008160192458356013
2025-06-22T19:16:16.178484,noncompliant_agent_02,non_compliant,30,30,0,0,0,1.0,0.007796393066156106
2025-06-22T19:16:16.178484,mixed_agent_01,mixed_behavior,30,30,0,0,0,1.0,0.0062652259576516075
2025-06-22T19:16:16.178484,mixed_agent_02,mixed_behavior,30,30,0,0,0,1.0,0.0057036290403272285
2025-06-22T19:16:16.178484,mixed_agent_03,mixed_behavior,30,30,0,0,0,1.0,0.006370282564006868
2025-06-22T19:16:16.178484,mixed_agent_04,mixed_behavior,30,30,0,0,0,1.0,0.006292945048848137
2025-06-22T19:16:16.178484,mixed_agent_05,mixed_behavior,30,30,0,0,0,1.0,0.005872065903710537
2025-06-22T19:16:16.178484,mixed_agent_06,mixed_behavior,30,30,0,0,0,1.0,0.007280877379120373
2025-06-22T19:16:16.178484,mixed_agent_07,mixed_behavior,30,30,0,0,0,1.0,0.0068311886709244525
2025-06-22T19:16:16.178484,adaptive_agent_01,adaptive_learning,1,1,0,0,0,1.0,0.006718195974826813
2025-06-22T19:16:16.178484,adaptive_agent_02,adaptive_learning,1,1,0,0,0,1.0,0.0038903355598449707
2025-06-22T19:16:16.178484,adaptive_agent_03,adaptive_learning,1,1,0,0,0,1.0,0.00444890558719635
2025-06-22T19:16:26.179230,compliant_agent_01,compliant,40,40,0,0,0,1.0,0.005636798010932075
2025-06-22T19:16:26.179230,compliant_agent_02,compliant,40,40,0,0,0,1.0,0.005334200682463469
2025-06-22T19:16:26.179230,compliant_agent_03,compliant,40,40,0,0,0,1.0,0.00683333549970462
2025-06-22T19:16:26.179230,noncompliant_agent_01,non_compliant,40,40,0,0,0,1.0,0.008124272028605143
2025-06-22T19:16:26.179230,noncompliant_agent_02,non_compliant,40,40,0,0,0,1.0,0.007745339546674564
2025-06-22T19:16:26.179230,mixed_agent_01,mixed_behavior,40,40,0,0,0,1.0,0.006470939259470245
2025-06-22T19:16:26.179230,mixed_agent_02,mixed_behavior,40,40,0,0,0,1.0,0.005865662186234085
2025-06-22T19:16:26.179230,mixed_agent_03,mixed_behavior,40,40,0,0,0,1.0,0.006034992359302662
2025-06-22T19:16:26.179230,mixed_agent_04,mixed_behavior,40,40,0,0,0,1.0,0.0058830873465832365
2025-06-22T19:16:26.179230,mixed_agent_05,mixed_behavior,40,40,0,0,0,1.0,0.005987011356118285
2025-06-22T19:16:26.179230,mixed_agent_06,mixed_behavior,40,40,0,0,0,1.0,0.0067228623378423995
2025-06-22T19:16:26.179230,mixed_agent_07,mixed_behavior,40,40,0,0,0,1.0,0.006718514878072857
2025-06-22T19:16:26.179230,adaptive_agent_01,adaptive_learning,1,1,0,0,0,1.0,0.006298428490048363
2025-06-22T19:16:26.179230,adaptive_agent_02,adaptive_learning,1,1,0,0,0,1.0,0.003905653953552246
2025-06-22T19:16:26.179230,adaptive_agent_03,adaptive_learning,1,1,0,0,0,1.0,0.0044576724370320635
2025-06-22T19:16:36.181286,compliant_agent_01,compliant,50,50,0,0,0,1.0,0.005539223699286433
2025-06-22T19:16:36.181286,compliant_agent_02,compliant,50,50,0,0,0,1.0,0.005273453079827941
2025-06-22T19:16:36.181286,compliant_agent_03,compliant,50,50,0,0,0,1.0,0.006708879281978796
2025-06-22T19:16:36.181286,noncompliant_agent_01,non_compliant,50,50,0,0,0,1.0,0.007635166149328251
2025-06-22T19:16:36.181286,noncompliant_agent_02,non_compliant,50,50,0,0,0,1.0,0.007758737790702594
2025-06-22T19:16:36.181286,mixed_agent_01,mixed_behavior,50,50,0,0,0,1.0,0.006363125130681708
2025-06-22T19:16:36.181286,mixed_agent_02,mixed_behavior,50,50,0,0,0,1.0,0.00591421363377335
2025-06-22T19:16:36.181286,mixed_agent_03,mixed_behavior,50,50,0,0,0,1.0,0.006018173576581596
2025-06-22T19:16:36.181286,mixed_agent_04,mixed_behavior,50,50,0,0,0,1.0,0.00607054068310426
2025-06-22T19:16:36.181286,mixed_agent_05,mixed_behavior,50,50,0,0,0,1.0,0.0061023565802243674
2025-06-22T19:16:36.181286,mixed_agent_06,mixed_behavior,50,50,0,0,0,1.0,0.006567792137070458
2025-06-22T19:16:36.181286,mixed_agent_07,mixed_behavior,50,50,0,0,0,1.0,0.006467944324606716
2025-06-22T19:16:36.181286,adaptive_agent_01,adaptive_learning,1,1,0,0,0,1.0,0.005899543945605938
2025-06-22T19:16:36.181286,adaptive_agent_02,adaptive_learning,1,1,0,0,0,1.0,0.004041882661672739
2025-06-22T19:16:36.181286,adaptive_agent_03,adaptive_learning,1,1,0,0,0,1.0,0.004182985195746789
2025-06-22T19:16:46.204520,compliant_agent_01,compliant,60,60,0,0,0,1.0,0.005603585361449187
2025-06-22T19:16:46.204520,compliant_agent_02,compliant,60,60,0,0,0,1.0,0.005085848579722003
2025-06-22T19:16:46.204520,compliant_agent_03,compliant,60,60,0,0,0,1.0,0.006928609422415741
2025-06-22T19:16:46.204520,noncompliant_agent_01,non_compliant,60,60,0,0,0,1.0,0.007446316648120723
2025-06-22T19:16:46.204520,noncompliant_agent_02,non_compliant,60,60,0,0,0,1.0,0.007635138251564719
2025-06-22T19:16:46.204520,mixed_agent_01,mixed_behavior,60,60,0,0,0,1.0,0.0064685187063926505
2025-06-22T19:16:46.204520,mixed_agent_02,mixed_behavior,60,60,0,0,0,1.0,0.00579646402154087
2025-06-22T19:16:46.204520,mixed_agent_03,mixed_behavior,60,60,0,0,0,1.0,0.00625532914784329
2025-06-22T19:16:46.204520,mixed_agent_04,mixed_behavior,60,60,0,0,0,1.0,0.006263013713615985
2025-06-22T19:16:46.204520,mixed_agent_05,mixed_behavior,60,60,0,0,0,1.0,0.006151703763599238
2025-06-22T19:16:46.204520,mixed_agent_06,mixed_behavior,60,60,0,0,0,1.0,0.006419154238109746
2025-06-22T19:16:46.204520,mixed_agent_07,mixed_behavior,60,60,0,0,0,1.0,0.006311621547730501
2025-06-22T19:16:46.204520,adaptive_agent_01,adaptive_learning,1,1,0,0,0,1.0,0.005634961589690178
2025-06-22T19:16:46.204520,adaptive_agent_02,adaptive_learning,1,1,0,0,0,1.0,0.0041856842656289375
2025-06-22T19:16:46.204520,adaptive_agent_03,adaptive_learning,1,1,0,0,0,1.0,0.004226499988186744
2025-06-22T19:16:56.191309,compliant_agent_01,compliant,70,70,0,0,0,1.0,0.005639162469417491
2025-06-22T19:16:56.191309,compliant_agent_02,compliant,70,70,0,0,0,1.0,0.005159203887831235
2025-06-22T19:16:56.191309,compliant_agent_03,compliant,70,70,0,0,0,1.0,0.0071041364196344475
2025-06-22T19:16:56.191309,noncompliant_agent_01,non_compliant,70,70,0,0,0,1.0,0.00792640320798184
2025-06-22T19:16:56.191309,noncompliant_agent_02,non_compliant,70,70,0,0,0,1.0,0.007693500383525876
2025-06-22T19:16:56.191309,mixed_agent_01,mixed_behavior,70,70,0,0,0,1.0,0.00667208306332852
2025-06-22T19:16:56.191309,mixed_agent_02,mixed_behavior,70,70,0,0,0,1.0,0.005698261531532234
2025-06-22T19:16:56.191309,mixed_agent_03,mixed_behavior,70,70,0,0,0,1.0,0.006201865825247258
2025-06-22T19:16:56.191309,mixed_agent_04,mixed_behavior,70,70,0,0,0,1.0,0.006623115945369639
2025-06-22T19:16:56.191309,mixed_agent_05,mixed_behavior,70,70,0,0,0,1.0,0.006309700350389413
2025-06-22T19:16:56.191309,mixed_agent_06,mixed_behavior,70,70,0,0,0,1.0,0.006533137449981473
2025-06-22T19:16:56.191309,mixed_agent_07,mixed_behavior,70,70,0,0,0,1.0,0.0065978587941920505
2025-06-22T19:16:56.191309,adaptive_agent_01,adaptive_learning,1,1,0,0,0,1.0,0.0056731535328759086
2025-06-22T19:16:56.191309,adaptive_agent_02,adaptive_learning,1,1,0,0,0,1.0,0.004365324974060059
2025-06-22T19:16:56.191309,adaptive_agent_03,adaptive_learning,1,1,0,0,0,1.0,0.004276702801386516
2025-06-22T19:17:06.195863,compliant_agent_01,compliant,80,80,0,0,0,1.0,0.005648028036082013
2025-06-22T19:17:06.195863,compliant_agent_02,compliant,80,80,0,0,0,1.0,0.0050722664187413564
2025-06-22T19:17:06.195863,compliant_agent_03,compliant,80,80,0,0,0,1.0,0.007056465800504507
2025-06-22T19:17:06.195863,noncompliant_agent_01,non_compliant,80,80,0,0,0,1.0,0.007914064833836526
2025-06-22T19:17:06.195863,noncompliant_agent_02,non_compliant,80,80,0,0,0,1.0,0.007760489209098105
2025-06-22T19:17:06.195863,mixed_agent_01,mixed_behavior,80,80,0,0,0,1.0,0.006582420064795831
2025-06-22T19:17:06.195863,mixed_agent_02,mixed_behavior,80,80,0,0,0,1.0,0.0056475541606452895
2025-06-22T19:17:06.195863,mixed_agent_03,mixed_behavior,80,80,0,0,0,1.0,0.006185841116105548
2025-06-22T19:17:06.195863,mixed_agent_04,mixed_behavior,80,80,0,0,0,1.0,0.006692810828641335
2025-06-22T19:17:06.195863,mixed_agent_05,mixed_behavior,80,80,0,0,0,1.0,0.006246726705420831
2025-06-22T19:17:06.195863,mixed_agent_06,mixed_behavior,80,80,0,0,0,1.0,0.006534982171858319
2025-06-22T19:17:06.195863,mixed_agent_07,mixed_behavior,80,80,0,0,0,1.0,0.006640121803520629
2025-06-22T19:17:06.195863,adaptive_agent_01,adaptive_learning,1,1,0,0,0,1.0,0.005505532753176805
2025-06-22T19:17:06.195863,adaptive_agent_02,adaptive_learning,1,1,0,0,0,1.0,0.004427165519900438
2025-06-22T19:17:06.195863,adaptive_agent_03,adaptive_learning,1,1,0,0,0,1.0,0.004222061575912848
2025-06-22T19:17:16.188500,compliant_agent_01,compliant,90,90,0,0,0,1.0,0.005635323445441314
2025-06-22T19:17:16.188500,compliant_agent_02,compliant,90,90,0,0,0,1.0,0.005043198390560256
2025-06-22T19:17:16.188500,compliant_agent_03,compliant,90,90,0,0,0,1.0,0.0069744363015527885
2025-06-22T19:17:16.188500,noncompliant_agent_01,non_compliant,90,90,0,0,0,1.0,0.007810156648330267
2025-06-22T19:17:16.188500,noncompliant_agent_02,non_compliant,90,90,0,0,0,1.0,0.0077920118089538914
2025-06-22T19:17:16.188500,mixed_agent_01,mixed_behavior,90,90,0,0,0,1.0,0.006450106425838576
2025-06-22T19:17:16.188500,mixed_agent_02,mixed_behavior,90,90,0,0,0,1.0,0.005707963395513882
2025-06-22T19:17:16.188500,mixed_agent_03,mixed_behavior,90,90,0,0,0,1.0,0.006069670724605328
2025-06-22T19:17:16.188500,mixed_agent_04,mixed_behavior,90,90,0,0,0,1.0,0.006723251132016683
2025-06-22T19:17:16.188500,mixed_agent_05,mixed_behavior,90,90,0,0,0,1.0,0.006242538683980868
2025-06-22T19:17:16.188500,mixed_agent_06,mixed_behavior,90,90,0,0,0,1.0,0.0064814788860510725
2025-06-22T19:17:16.188500,mixed_agent_07,mixed_behavior,90,90,0,0,0,1.0,0.006473986483410577
2025-06-22T19:17:16.188500,adaptive_agent_01,adaptive_learning,1,1,0,0,0,1.0,0.005436902460844621
2025-06-22T19:17:16.188500,adaptive_agent_02,adaptive_learning,1,1,0,0,0,1.0,0.004433652629023013
2025-06-22T19:17:16.188500,adaptive_agent_03,adaptive_learning,1,1,0,0,0,1.0,0.004141411055689273
2025-06-22T19:17:26.190898,compliant_agent_01,compliant,100,100,0,0,0,1.0,0.005745680177982767
2025-06-22T19:17:26.190898,compliant_agent_02,compliant,100,100,0,0,0,1.0,0.005202802259530594
2025-06-22T19:17:26.190898,compliant_agent_03,compliant,100,100,0,0,0,1.0,0.007071147510661415
2025-06-22T19:17:26.190898,noncompliant_agent_01,non_compliant,100,100,0,0,0,1.0,0.008213402620002405
2025-06-22T19:17:26.190898,noncompliant_agent_02,non_compliant,100,100,0,0,0,1.0,0.008007136150379086
2025-06-22T19:17:26.190898,mixed_agent_01,mixed_behavior,100,100,0,0,0,1.0,0.006629996038787994
2025-06-22T19:17:26.190898,mixed_agent_02,mixed_behavior,100,100,0,0,0,1.0,0.006149383326668052
2025-06-22T19:17:26.190898,mixed_agent_03,mixed_behavior,100,100,0,0,0,1.0,0.00623385230107094
2025-06-22T19:17:26.190898,mixed_agent_04,mixed_behavior,100,100,0,0,0,1.0,0.007052663546889576
2025-06-22T19:17:26.190898,mixed_agent_05,mixed_behavior,100,100,0,0,0,1.0,0.006544241264684877
2025-06-22T19:17:26.190898,mixed_agent_06,mixed_behavior,100,100,0,0,0,1.0,0.006692334787169499
2025-06-22T19:17:26.190898,mixed_agent_07,mixed_behavior,100,100,0,0,0,1.0,0.006592248802754416
2025-06-22T19:17:26.190898,adaptive_agent_01,adaptive_learning,1,1,0,0,0,1.0,0.005734008901259478
2025-06-22T19:17:26.190898,adaptive_agent_02,adaptive_learning,1,1,0,0,0,1.0,0.004727335537181181
2025-06-22T19:17:26.190898,adaptive_agent_03,adaptive_learning,1,1,0,0,0,1.0,0.004437023518132228
2025-06-22T19:17:36.193108,compliant_agent_01,compliant,110,110,0,0,0,1.0,0.005779573820295377
2025-06-22T19:17:36.193108,compliant_agent_02,compliant,110,110,0,0,0,1.0,0.005145652261794423
2025-06-22T19:17:36.193108,compliant_agent_03,compliant,110,110,0,0,0,1.0,0.006958803979519805
2025-06-22T19:17:36.193108,noncompliant_agent_01,non_compliant,110,110,0,0,0,1.0,0.008067943391756774
2025-06-22T19:17:36.193108,noncompliant_agent_02,non_compliant,110,110,0,0,0,1.0,0.007982586303987115
2025-06-22T19:17:36.193108,mixed_agent_01,mixed_behavior,110,110,0,0,0,1.0,0.006508578002722555
2025-06-22T19:17:36.193108,mixed_agent_02,mixed_behavior,110,110,0,0,0,1.0,0.006248980086313654
2025-06-22T19:17:36.193108,mixed_agent_03,mixed_behavior,110,110,0,0,0,1.0,0.006204409836643961
2025-06-22T19:17:36.193108,mixed_agent_04,mixed_behavior,110,110,0,0,0,1.0,0.007096094243666705
2025-06-22T19:17:36.193108,mixed_agent_05,mixed_behavior,110,110,0,0,0,1.0,0.0064943117253920615
2025-06-22T19:17:36.193108,mixed_agent_06,mixed_behavior,110,110,0,0,0,1.0,0.006598115506754741
2025-06-22T19:17:36.193108,mixed_agent_07,mixed_behavior,110,110,0,0,0,1.0,0.006464233225826764
2025-06-22T19:17:36.193108,adaptive_agent_01,adaptive_learning,1,1,0,0,0,1.0,0.005625201123101371
2025-06-22T19:17:36.193108,adaptive_agent_02,adaptive_learning,1,1,0,0,0,1.0,0.00481298565864563
2025-06-22T19:17:36.193108,adaptive_agent_03,adaptive_learning,1,1,0,0,0,1.0,0.004343539476394653
2025-06-22T19:17:46.194658,compliant_agent_01,compliant,120,120,0,0,0,1.0,0.005922600441453862
2025-06-22T19:17:46.194658,compliant_agent_02,compliant,120,120,0,0,0,1.0,0.005220503233280419
2025-06-22T19:17:46.194658,compliant_agent_03,compliant,120,120,0,0,0,1.0,0.007070628439242415
2025-06-22T19:17:46.194658,noncompliant_agent_01,non_compliant,120,120,0,0,0,1.0,0.008073687058761407
2025-06-22T19:17:46.194658,noncompliant_agent_02,non_compliant,120,120,0,0,0,1.0,0.008120934498260625
2025-06-22T19:17:46.194658,mixed_agent_01,mixed_behavior,120,120,0,0,0,1.0,0.0064970428023595535
2025-06-22T19:17:46.194658,mixed_agent_02,mixed_behavior,120,120,0,0,0,1.0,0.006489455947242832
2025-06-22T19:17:46.194658,mixed_agent_03,mixed_behavior,120,120,0,0,0,1.0,0.006171405562721347
2025-06-22T19:17:46.194658,mixed_agent_04,mixed_behavior,120,120,0,0,0,1.0,0.007223788138741774
2025-06-22T19:17:46.194658,mixed_agent_05,mixed_behavior,120,120,0,0,0,1.0,0.0067015366930189965
2025-06-22T19:17:46.194658,mixed_agent_06,mixed_behavior,120,120,0,0,0,1.0,0.006740858940662685
2025-06-22T19:17:46.194658,mixed_agent_07,mixed_behavior,120,120,0,0,0,1.0,0.00654035880852537
2025-06-22T19:17:46.194658,adaptive_agent_01,adaptive_learning,1,1,0,0,0,1.0,0.005609842597461137
2025-06-22T19:17:46.194658,adaptive_agent_02,adaptive_learning,1,1,0,0,0,1.0,0.004835568490575572
2025-06-22T19:17:46.194658,adaptive_agent_03,adaptive_learning,1,1,0,0,0,1.0,0.004597800676939917
2025-06-22T19:17:56.198925,compliant_agent_01,compliant,130,130,0,0,0,1.0,0.005950857396326759
2025-06-22T19:17:56.198925,compliant_agent_02,compliant,130,130,0,0,0,1.0,0.005137987063762329
2025-06-22T19:17:56.198925,compliant_agent_03,compliant,130,130,0,0,0,1.0,0.006908888104318202
2025-06-22T19:17:56.198925,noncompliant_agent_01,non_compliant,130,130,0,0,0,1.0,0.007956946946652
2025-06-22T19:17:56.198925,noncompliant_agent_02,non_compliant,130,130,0,0,0,1.0,0.008058745285560345
2025-06-22T19:17:56.198925,mixed_agent_01,mixed_behavior,130,130,0,0,0,1.0,0.006447133433316403
2025-06-22T19:17:56.198925,mixed_agent_02,mixed_behavior,130,130,0,0,0,1.0,0.006505589832291292
2025-06-22T19:17:56.198925,mixed_agent_03,mixed_behavior,130,130,0,0,0,1.0,0.006179973996918777
2025-06-22T19:17:56.198925,mixed_agent_04,mixed_behavior,130,130,0,0,0,1.0,0.007204163576908038
2025-06-22T19:17:56.198925,mixed_agent_05,mixed_behavior,130,130,0,0,0,1.0,0.006645205377162188
2025-06-22T19:17:56.198925,mixed_agent_06,mixed_behavior,130,130,0,0,0,1.0,0.0066818030857948504
2025-06-22T19:17:56.198925,mixed_agent_07,mixed_behavior,130,130,0,0,0,1.0,0.006512476566650859
2025-06-22T19:17:56.198925,adaptive_agent_01,adaptive_learning,1,1,0,0,0,1.0,0.005568511558301521
2025-06-22T19:17:56.198925,adaptive_agent_02,adaptive_learning,1,1,0,0,0,1.0,0.004734106136090828
2025-06-22T19:17:56.198925,adaptive_agent_03,adaptive_learning,1,1,0,0,0,1.0,0.0045546257134639855
2025-06-22T19:18:06.196728,compliant_agent_01,compliant,140,140,0,0,0,1.0,0.005930405918813685
2025-06-22T19:18:06.196728,compliant_agent_02,compliant,140,140,0,0,0,1.0,0.005103488833878812
2025-06-22T19:18:06.196728,compliant_agent_03,compliant,140,140,0,0,0,1.0,0.0068236364588618705
2025-06-22T19:18:06.196728,noncompliant_agent_01,non_compliant,140,140,0,0,0,1.0,0.00788164647872762
2025-06-22T19:18:06.196728,noncompliant_agent_02,non_compliant,140,140,0,0,0,1.0,0.007909924110059635
2025-06-22T19:18:06.196728,mixed_agent_01,mixed_behavior,140,140,0,0,0,1.0,0.0063779854689628625
2025-06-22T19:18:06.196728,mixed_agent_02,mixed_behavior,140,140,0,0,0,1.0,0.0064093913896228075
2025-06-22T19:18:06.196728,mixed_agent_03,mixed_behavior,140,140,0,0,0,1.0,0.006166514128552637
2025-06-22T19:18:06.196728,mixed_agent_04,mixed_behavior,140,140,0,0,0,1.0,0.007128943752139488
2025-06-22T19:18:06.196728,mixed_agent_05,mixed_behavior,140,140,0,0,0,1.0,0.006602892247807513
2025-06-22T19:18:06.196728,mixed_agent_06,mixed_behavior,140,140,0,0,0,1.0,0.006609972685681543
2025-06-22T19:18:06.196728,mixed_agent_07,mixed_behavior,140,140,0,0,0,1.0,0.006445591135805612
2025-06-22T19:18:06.196728,adaptive_agent_01,adaptive_learning,1,1,0,0,0,1.0,0.0054909460981127246
2025-06-22T19:18:06.196728,adaptive_agent_02,adaptive_learning,1,1,0,0,0,1.0,0.0047161394441631475
2025-06-22T19:18:06.196728,adaptive_agent_03,adaptive_learning,1,1,0,0,0,1.0,0.0044905971473371475
2025-06-22T19:18:16.199459,compliant_agent_01,compliant,150,150,0,0,0,1.0,0.0058690693687362926
2025-06-22T19:18:16.199459,compliant_agent_02,compliant,150,150,0,0,0,1.0,0.005055040220089529
2025-06-22T19:18:16.199459,compliant_agent_03,compliant,150,150,0,0,0,1.0,0.006677203004146335
2025-06-22T19:18:16.199459,noncompliant_agent_01,non_compliant,150,150,0,0,0,1.0,0.007846448112563834
2025-06-22T19:18:16.199459,noncompliant_agent_02,non_compliant,150,150,0,0,0,1.0,0.007951291296569216
2025-06-22T19:18:16.199459,mixed_agent_01,mixed_behavior,150,150,0,0,0,1.0,0.0063109001844032266
2025-06-22T19:18:16.199459,mixed_agent_02,mixed_behavior,150,150,0,0,0,1.0,0.006370698890812769
2025-06-22T19:18:16.199459,mixed_agent_03,mixed_behavior,150,150,0,0,0,1.0,0.006097649419030478
2025-06-22T19:18:16.199459,mixed_agent_04,mixed_behavior,150,150,0,0,0,1.0,0.007109396481434768
2025-06-22T19:18:16.199459,mixed_agent_05,mixed_behavior,150,150,0,0,0,1.0,0.006516569080542885
2025-06-22T19:18:16.199459,mixed_agent_06,mixed_behavior,150,150,0,0,0,1.0,0.0065236907464721276
2025-06-22T19:18:16.199459,mixed_agent_07,mixed_behavior,150,150,0,0,0,1.0,0.006366238641580474
2025-06-22T19:18:16.199459,adaptive_agent_01,adaptive_learning,1,1,0,0,0,1.0,0.005484248462476228
2025-06-22T19:18:16.199459,adaptive_agent_02,adaptive_learning,1,1,0,0,0,1.0,0.004645633070092452
2025-06-22T19:18:16.199459,adaptive_agent_03,adaptive_learning,1,1,0,0,0,1.0,0.0045084780768344275
2025-06-22T19:18:26.201594,compliant_agent_01,compliant,160,160,0,0,0,1.0,0.005846724703304493
2025-06-22T19:18:26.201594,compliant_agent_02,compliant,160,160,0,0,0,1.0,0.005072022524206809
2025-06-22T19:18:26.201594,compliant_agent_03,compliant,160,160,0,0,0,1.0,0.00659003955924251
2025-06-22T19:18:26.201594,noncompliant_agent_01,non_compliant,160,160,0,0,0,1.0,0.007891055579497435
2025-06-22T19:18:26.201594,noncompliant_agent_02,non_compliant,160,160,0,0,0,1.0,0.007976962027148666
2025-06-22T19:18:26.201594,mixed_agent_01,mixed_behavior,160,160,0,0,0,1.0,0.006235560895497925
2025-06-22T19:18:26.201594,mixed_agent_02,mixed_behavior,160,160,0,0,0,1.0,0.006318138395885812
2025-06-22T19:18:26.201594,mixed_agent_03,mixed_behavior,160,160,0,0,0,1.0,0.006027500206064955
2025-06-22T19:18:26.201594,mixed_agent_04,mixed_behavior,160,160,0,0,0,1.0,0.007054853290783653
2025-06-22T19:18:26.201594,mixed_agent_05,mixed_behavior,160,160,0,0,0,1.0,0.00650386201258389
2025-06-22T19:18:26.201594,mixed_agent_06,mixed_behavior,160,160,0,0,0,1.0,0.006365570323860905
2025-06-22T19:18:26.201594,mixed_agent_07,mixed_behavior,160,160,0,0,0,1.0,0.006318234951696663
2025-06-22T19:18:26.201594,adaptive_agent_01,adaptive_learning,1,1,0,0,0,1.0,0.005403420071542999
2025-06-22T19:18:26.201594,adaptive_agent_02,adaptive_learning,1,1,0,0,0,1.0,0.004651128509898244
2025-06-22T19:18:26.201594,adaptive_agent_03,adaptive_learning,1,1,0,0,0,1.0,0.004484881589442123
2025-06-22T19:18:36.204056,compliant_agent_01,compliant,170,170,0,0,0,1.0,0.005786840517150342
2025-06-22T19:18:36.204056,compliant_agent_02,compliant,170,170,0,0,0,1.0,0.005031587790883531
2025-06-22T19:18:36.204056,compliant_agent_03,compliant,170,170,0,0,0,1.0,0.006569983322949004
2025-06-22T19:18:36.204056,noncompliant_agent_01,non_compliant,170,170,0,0,0,1.0,0.007928945451887472
2025-06-22T19:18:36.204056,noncompliant_agent_02,non_compliant,170,170,0,0,0,1.0,0.007916738560472416
2025-06-22T19:18:36.204056,mixed_agent_01,mixed_behavior,170,170,0,0,0,1.0,0.006173784781760834
2025-06-22T19:18:36.204056,mixed_agent_02,mixed_behavior,170,170,0,0,0,1.0,0.006255643458660047
2025-06-22T19:18:36.204056,mixed_agent_03,mixed_behavior,170,170,0,0,0,1.0,0.005975798078296471
2025-06-22T19:18:36.204056,mixed_agent_04,mixed_behavior,170,170,0,0,0,1.0,0.007006992692471949
2025-06-22T19:18:36.204056,mixed_agent_05,mixed_behavior,170,170,0,0,0,1.0,0.006509743827528967
2025-06-22T19:18:36.204056,mixed_agent_06,mixed_behavior,170,170,0,0,0,1.0,0.006307770429818162
2025-06-22T19:18:36.204056,mixed_agent_07,mixed_behavior,170,170,0,0,0,1.0,0.006256008427863247
2025-06-22T19:18:36.204056,adaptive_agent_01,adaptive_learning,1,1,0,0,0,1.0,0.00532596887544144
2025-06-22T19:18:36.204056,adaptive_agent_02,adaptive_learning,1,1,0,0,0,1.0,0.004650506862374239
2025-06-22T19:18:36.204056,adaptive_agent_03,adaptive_learning,1,1,0,0,0,1.0,0.004438405813172806
2025-06-22T19:18:46.240967,compliant_agent_01,compliant,180,180,0,0,0,1.0,0.00593874659234467
2025-06-22T19:18:46.240967,compliant_agent_02,compliant,180,180,0,0,0,1.0,0.0051452327633168225
2025-06-22T19:18:46.240967,compliant_agent_03,compliant,180,180,0,0,0,1.0,0.006627214912562489
2025-06-22T19:18:46.240967,noncompliant_agent_01,non_compliant,180,180,0,0,0,1.0,0.008145661235185871
2025-06-22T19:18:46.240967,noncompliant_agent_02,non_compliant,180,180,0,0,0,1.0,0.008015855197430978
2025-06-22T19:18:46.240967,mixed_agent_01,mixed_behavior,180,180,0,0,0,1.0,0.0062147223718278626
2025-06-22T19:18:46.240967,mixed_agent_02,mixed_behavior,180,180,0,0,0,1.0,0.006248799057218177
2025-06-22T19:18:46.240967,mixed_agent_03,mixed_behavior,180,180,0,0,0,1.0,0.00594822785860944
2025-06-22T19:18:46.240967,mixed_agent_04,mixed_behavior,180,180,0,0,0,1.0,0.006976601159473536
2025-06-22T19:18:46.240967,mixed_agent_05,mixed_behavior,180,180,0,0,0,1.0,0.006512287911285654
2025-06-22T19:18:46.240967,mixed_agent_06,mixed_behavior,180,180,0,0,0,1.0,0.006313329258123593
2025-06-22T19:18:46.240967,mixed_agent_07,mixed_behavior,180,180,0,0,0,1.0,0.0062356338606646845
2025-06-22T19:18:46.240967,adaptive_agent_01,adaptive_learning,1,1,0,0,0,1.0,0.005289971173464597
2025-06-22T19:18:46.240967,adaptive_agent_02,adaptive_learning,1,1,0,0,0,1.0,0.0047028221926846345
2025-06-22T19:18:46.240967,adaptive_agent_03,adaptive_learning,1,1,0,0,0,1.0,0.004391624377324031
2025-06-22T19:18:56.208757,compliant_agent_01,compliant,190,190,0,0,0,1.0,0.005893958209380703
2025-06-22T19:18:56.208757,compliant_agent_02,compliant,190,190,0,0,0,1.0,0.0051425241735663626
2025-06-22T19:18:56.208757,compliant_agent_03,compliant,190,190,0,0,0,1.0,0.006684246964342012
2025-06-22T19:18:56.208757,noncompliant_agent_01,non_compliant,190,190,0,0,0,1.0,0.008072884376906347
2025-06-22T19:18:56.208757,noncompliant_agent_02,non_compliant,190,190,0,0,0,1.0,0.007988862791086432
2025-06-22T19:18:56.208757,mixed_agent_01,mixed_behavior,190,190,0,0,0,1.0,0.006125378796434778
2025-06-22T19:18:56.208757,mixed_agent_02,mixed_behavior,190,190,0,0,0,1.0,0.006231660917987974
2025-06-22T19:18:56.208757,mixed_agent_03,mixed_behavior,190,190,0,0,0,1.0,0.00588822302230074
2025-06-22T19:18:56.208757,mixed_agent_04,mixed_behavior,190,190,0,0,0,1.0,0.006949850893396092
2025-06-22T19:18:56.208757,mixed_agent_05,mixed_behavior,190,190,0,0,0,1.0,0.006571802254424008
2025-06-22T19:18:56.208757,mixed_agent_06,mixed_behavior,190,190,0,0,0,1.0,0.00628838639246823
2025-06-22T19:18:56.208757,mixed_agent_07,mixed_behavior,190,190,0,0,0,1.0,0.00620858875785287
2025-06-22T19:18:56.208757,adaptive_agent_01,adaptive_learning,1,1,0,0,0,1.0,0.00523697833220164
2025-06-22T19:18:56.208757,adaptive_agent_02,adaptive_learning,1,1,0,0,0,1.0,0.004656540850798289
2025-06-22T19:18:56.208757,adaptive_agent_03,adaptive_learning,1,1,0,0,0,1.0,0.004375297576189041
2025-06-22T19:19:06.209624,compliant_agent_01,compliant,200,200,0,0,0,1.0,0.005884500513053
2025-06-22T19:19:06.209624,compliant_agent_02,compliant,200,200,0,0,0,1.0,0.005117199367418551
2025-06-22T19:19:06.209624,compliant_agent_03,compliant,200,200,0,0,0,1.0,0.006605510402498697
2025-06-22T19:19:06.209624,noncompliant_agent_01,non_compliant,200,200,0,0,0,1.0,0.008033972428623875
2025-06-22T19:19:06.209624,noncompliant_agent_02,non_compliant,200,200,0,0,0,1.0,0.008010759020684068
2025-06-22T19:19:06.209624,mixed_agent_01,mixed_behavior,200,200,0,0,0,1.0,0.0061528022747087355
2025-06-22T19:19:06.209624,mixed_agent_02,mixed_behavior,200,200,0,0,0,1.0,0.006110312635464561
2025-06-22T19:19:06.209624,mixed_agent_03,mixed_behavior,200,200,0,0,0,1.0,0.005868175083265043
2025-06-22T19:19:06.209624,mixed_agent_04,mixed_behavior,200,200,0,0,0,1.0,0.006828699325980093
2025-06-22T19:19:06.209624,mixed_agent_05,mixed_behavior,200,200,0,0,0,1.0,0.006566692766108715
2025-06-22T19:19:06.209624,mixed_agent_06,mixed_behavior,200,200,0,0,0,1.0,0.006268747429598002
2025-06-22T19:19:06.209624,mixed_agent_07,mixed_behavior,200,200,0,0,0,1.0,0.006162057790970267
2025-06-22T19:19:06.209624,adaptive_agent_01,adaptive_learning,1,1,0,0,0,1.0,0.005218898895943519
2025-06-22T19:19:06.209624,adaptive_agent_02,adaptive_learning,1,1,0,0,0,1.0,0.004663905294814912
2025-06-22T19:19:06.209624,adaptive_agent_03,adaptive_learning,1,1,0,0,0,1.0,0.0043471544095785315
2025-06-22T19:19:16.210182,compliant_agent_01,compliant,210,210,0,0,0,1.0,0.005914596933650291
2025-06-22T19:19:16.210182,compliant_agent_02,compliant,210,210,0,0,0,1.0,0.005062202942909368
2025-06-22T19:19:16.210182,compliant_agent_03,compliant,210,210,0,0,0,1.0,0.0065151104734515915
2025-06-22T19:19:16.210182,noncompliant_agent_01,non_compliant,210,210,0,0,0,1.0,0.007981272604573084
2025-06-22T19:19:16.210182,noncompliant_agent_02,non_compliant,210,210,0,0,0,1.0,0.007972471504483257
2025-06-22T19:19:16.210182,mixed_agent_01,mixed_behavior,210,210,0,0,0,1.0,0.006110491492119651
2025-06-22T19:19:16.210182,mixed_agent_02,mixed_behavior,210,210,0,0,0,1.0,0.006047180316227349
2025-06-22T19:19:16.210182,mixed_agent_03,mixed_behavior,210,210,0,0,0,1.0,0.005862916733476725
2025-06-22T19:19:16.210182,mixed_agent_04,mixed_behavior,210,210,0,0,0,1.0,0.006801045139158707
2025-06-22T19:19:16.210182,mixed_agent_05,mixed_behavior,210,210,0,0,0,1.0,0.006498367939312497
2025-06-22T19:19:16.210182,mixed_agent_06,mixed_behavior,210,210,0,0,0,1.0,0.00621757824460571
2025-06-22T19:19:16.210182,mixed_agent_07,mixed_behavior,210,210,0,0,0,1.0,0.006176938353694816
2025-06-22T19:19:16.210182,adaptive_agent_01,adaptive_learning,1,1,0,0,0,1.0,0.005173228821664487
2025-06-22T19:19:16.210182,adaptive_agent_02,adaptive_learning,1,1,0,0,0,1.0,0.004674316577191623
2025-06-22T19:19:16.210182,adaptive_agent_03,adaptive_learning,1,1,0,0,0,1.0,0.004305652852328318
2025-06-22T19:19:26.219565,compliant_agent_01,compliant,220,220,0,0,0,1.0,0.005883640172530194
2025-06-22T19:19:26.219565,compliant_agent_02,compliant,220,220,0,0,0,1.0,0.005062302764581174
2025-06-22T19:19:26.219565,compliant_agent_03,compliant,220,220,0,0,0,1.0,0.006485524361366047
2025-06-22T19:19:26.219565,noncompliant_agent_01,non_compliant,220,220,0,0,0,1.0,0.00795032702335695
2025-06-22T19:19:26.219565,noncompliant_agent_02,non_compliant,220,220,0,0,0,1.0,0.008001452400570824
2025-06-22T19:19:26.219565,mixed_agent_01,mixed_behavior,220,220,0,0,0,1.0,0.006133864526035023
2025-06-22T19:19:26.219565,mixed_agent_02,mixed_behavior,220,220,0,0,0,1.0,0.006029682635179723
2025-06-22T19:19:26.219565,mixed_agent_03,mixed_behavior,220,220,0,0,0,1.0,0.005857554693070669
2025-06-22T19:19:26.219565,mixed_agent_04,mixed_behavior,220,220,0,0,0,1.0,0.006798656078693278
2025-06-22T19:19:26.219565,mixed_agent_05,mixed_behavior,220,220,0,0,0,1.0,0.006500668536508435
2025-06-22T19:19:26.219565,mixed_agent_06,mixed_behavior,220,220,0,0,0,1.0,0.006195590609595889
2025-06-22T19:19:26.219565,mixed_agent_07,mixed_behavior,220,220,0,0,0,1.0,0.0061833463828850225
2025-06-22T19:19:26.219565,adaptive_agent_01,adaptive_learning,1,1,0,0,0,1.0,0.0051589248416660065
2025-06-22T19:19:26.219565,adaptive_agent_02,adaptive_learning,1,1,0,0,0,1.0,0.004621867661003594
2025-06-22T19:19:26.219565,adaptive_agent_03,adaptive_learning,1,1,0,0,0,1.0,0.004289002031893344
2025-06-22T19:19:36.231345,compliant_agent_01,compliant,230,230,0,0,0,1.0,0.0059090126103796305
2025-06-22T19:19:36.231345,compliant_agent_02,compliant,230,230,0,0,0,1.0,0.005054698848931236
2025-06-22T19:19:36.231345,compliant_agent_03,compliant,230,230,0,0,0,1.0,0.0064488470942234526
2025-06-22T19:19:36.231345,noncompliant_agent_01,non_compliant,230,230,0,0,0,1.0,0.007996744809595467
2025-06-22T19:19:36.231345,noncompliant_agent_02,non_compliant,230,230,0,0,0,1.0,0.008089041244440638
2025-06-22T19:19:36.231345,mixed_agent_01,mixed_behavior,230,230,0,0,0,1.0,0.006132751121438248
2025-06-22T19:19:36.231345,mixed_agent_02,mixed_behavior,230,230,0,0,0,1.0,0.006015970494897143
2025-06-22T19:19:36.231345,mixed_agent_03,mixed_behavior,230,230,0,0,0,1.0,0.005821649009390147
2025-06-22T19:19:36.231345,mixed_agent_04,mixed_behavior,230,230,0,0,0,1.0,0.006771729463093193
2025-06-22T19:19:36.231345,mixed_agent_05,mixed_behavior,230,230,0,0,0,1.0,0.006494526232142252
2025-06-22T19:19:36.231345,mixed_agent_06,mixed_behavior,230,230,0,0,0,1.0,0.0061998651756898955
2025-06-22T19:19:36.231345,mixed_agent_07,mixed_behavior,230,230,0,0,0,1.0,0.006216240549811572
2025-06-22T19:19:36.231345,adaptive_agent_01,adaptive_learning,1,1,0,0,0,1.0,0.005114574884546214
2025-06-22T19:19:36.231345,adaptive_agent_02,adaptive_learning,1,1,0,0,0,1.0,0.004589722074311355
2025-06-22T19:19:36.231345,adaptive_agent_03,adaptive_learning,1,1,0,0,0,1.0,0.004280472623890844
2025-06-22T19:19:46.217539,compliant_agent_01,compliant,240,240,0,0,0,1.0,0.0059378801413236685
2025-06-22T19:19:46.217539,compliant_agent_02,compliant,240,240,0,0,0,1.0,0.00509736889860982
2025-06-22T19:19:46.217539,compliant_agent_03,compliant,240,240,0,0,0,1.0,0.006488311315524603
2025-06-22T19:19:46.217539,noncompliant_agent_01,non_compliant,240,240,0,0,0,1.0,0.00795833434979286
2025-06-22T19:19:46.217539,noncompliant_agent_02,non_compliant,240,240,0,0,0,1.0,0.008018299844309594
2025-06-22T19:19:46.217539,mixed_agent_01,mixed_behavior,240,240,0,0,0,1.0,0.006067127794832797
2025-06-22T19:19:46.217539,mixed_agent_02,mixed_behavior,240,240,0,0,0,1.0,0.005976196138377993
2025-06-22T19:19:46.217539,mixed_agent_03,mixed_behavior,240,240,0,0,0,1.0,0.005868374433933821
2025-06-22T19:19:46.217539,mixed_agent_04,mixed_behavior,240,240,0,0,0,1.0,0.006735301563001225
2025-06-22T19:19:46.217539,mixed_agent_05,mixed_behavior,240,240,0,0,0,1.0,0.006455585019752043
2025-06-22T19:19:46.217539,mixed_agent_06,mixed_behavior,240,240,0,0,0,1.0,0.006210135323094231
2025-06-22T19:19:46.217539,mixed_agent_07,mixed_behavior,240,240,0,0,0,1.0,0.006155791748586167
2025-06-22T19:19:46.217539,adaptive_agent_01,adaptive_learning,1,1,0,0,0,1.0,0.005102949694168469
2025-06-22T19:19:46.217539,adaptive_agent_02,adaptive_learning,1,1,0,0,0,1.0,0.004539838507155742
2025-06-22T19:19:46.217539,adaptive_agent_03,adaptive_learning,1,1,0,0,0,1.0,0.004266553673862426
2025-06-22T19:19:56.231218,compliant_agent_01,compliant,250,250,0,0,0,1.0,0.005909371518803214
2025-06-22T19:19:56.231218,compliant_agent_02,compliant,250,250,0,0,0,1.0,0.005079713410246158
2025-06-22T19:19:56.231218,compliant_agent_03,compliant,250,250,0,0,0,1.0,0.006503413061419885
2025-06-22T19:19:56.231218,noncompliant_agent_01,non_compliant,250,250,0,0,0,1.0,0.007886226067761936
2025-06-22T19:19:56.231218,noncompliant_agent_02,non_compliant,250,250,0,0,0,1.0,0.008045185111953826
2025-06-22T19:19:56.231218,mixed_agent_01,mixed_behavior,250,250,0,0,0,1.0,0.006137961636998221
2025-06-22T19:19:56.231218,mixed_agent_02,mixed_behavior,250,250,0,0,0,1.0,0.005923452967417217
2025-06-22T19:19:56.231218,mixed_agent_03,mixed_behavior,250,250,0,0,0,1.0,0.005900277349049459
2025-06-22T19:19:56.231218,mixed_agent_04,mixed_behavior,250,250,0,0,0,1.0,0.006691980742646786
2025-06-22T19:19:56.231218,mixed_agent_05,mixed_behavior,250,250,0,0,0,1.0,0.006410937109393274
2025-06-22T19:19:56.231218,mixed_agent_06,mixed_behavior,250,250,0,0,0,1.0,0.006167377064565937
2025-06-22T19:19:56.231218,mixed_agent_07,mixed_behavior,250,250,0,0,0,1.0,0.006122945549483309
2025-06-22T19:19:56.231218,adaptive_agent_01,adaptive_learning,1,1,0,0,0,1.0,0.0050658924239022395
2025-06-22T19:19:56.231218,adaptive_agent_02,adaptive_learning,1,1,0,0,0,1.0,0.004517137058197506
2025-06-22T19:19:56.231218,adaptive_agent_03,adaptive_learning,1,1,0,0,0,1.0,0.004254504801735046
2025-06-22T19:20:06.227496,compliant_agent_01,compliant,260,260,0,0,0,1.0,0.005890537818425448
2025-06-22T19:20:06.227496,compliant_agent_02,compliant,260,260,0,0,0,1.0,0.005070214536963406
2025-06-22T19:20:06.227496,compliant_agent_03,compliant,260,260,0,0,0,1.0,0.0064623397051029605
2025-06-22T19:20:06.227496,noncompliant_agent_01,non_compliant,260,260,0,0,0,1.0,0.007835837106100658
2025-06-22T19:20:06.227496,noncompliant_agent_02,non_compliant,260,260,0,0,0,1.0,0.008036769511832385
2025-06-22T19:20:06.227496,mixed_agent_01,mixed_behavior,260,260,0,0,0,1.0,0.006142646474710124
2025-06-22T19:20:06.227496,mixed_agent_02,mixed_behavior,260,260,0,0,0,1.0,0.005935070381969957
2025-06-22T19:20:06.227496,mixed_agent_03,mixed_behavior,260,260,0,0,0,1.0,0.005960215076146336
2025-06-22T19:20:06.227496,mixed_agent_04,mixed_behavior,260,260,0,0,0,1.0,0.006659335687384724
2025-06-22T19:20:06.227496,mixed_agent_05,mixed_behavior,260,260,0,0,0,1.0,0.0064259669144643245
2025-06-22T19:20:06.227496,mixed_agent_06,mixed_behavior,260,260,0,0,0,1.0,0.006215910536313926
2025-06-22T19:20:06.227496,mixed_agent_07,mixed_behavior,260,260,0,0,0,1.0,0.006134635427405418
2025-06-22T19:20:06.227496,adaptive_agent_01,adaptive_learning,1,1,0,0,0,1.0,0.005054614926112517
2025-06-22T19:20:06.227496,adaptive_agent_02,adaptive_learning,1,1,0,0,0,1.0,0.0045075598563856754
2025-06-22T19:20:06.227496,adaptive_agent_03,adaptive_learning,1,1,0,0,0,1.0,0.004242577625594976
2025-06-22T19:20:16.223203,compliant_agent_01,compliant,270,270,0,0,0,1.0,0.0058837461383417665
2025-06-22T19:20:16.223203,compliant_agent_02,compliant,270,270,0,0,0,1.0,0.005045861721920218
2025-06-22T19:20:16.223203,compliant_agent_03,compliant,270,270,0,0,0,1.0,0.00641859525232791
2025-06-22T19:20:16.223203,noncompliant_agent_01,non_compliant,270,270,0,0,0,1.0,0.007802055855996067
2025-06-22T19:20:16.223203,noncompliant_agent_02,non_compliant,270,270,0,0,0,1.0,0.008011236208423889
2025-06-22T19:20:16.223203,mixed_agent_01,mixed_behavior,270,270,0,0,0,1.0,0.006116690785519076
2025-06-22T19:20:16.223203,mixed_agent_02,mixed_behavior,270,270,0,0,0,1.0,0.005922867498203919
2025-06-22T19:20:16.223203,mixed_agent_03,mixed_behavior,270,270,0,0,0,1.0,0.005915073281956248
2025-06-22T19:20:16.223203,mixed_agent_04,mixed_behavior,270,270,0,0,0,1.0,0.006688511525857471
2025-06-22T19:20:16.223203,mixed_agent_05,mixed_behavior,270,270,0,0,0,1.0,0.006420716781052115
2025-06-22T19:20:16.223203,mixed_agent_06,mixed_behavior,270,270,0,0,0,1.0,0.006219027002725936
2025-06-22T19:20:16.223203,mixed_agent_07,mixed_behavior,270,270,0,0,0,1.0,0.0060622211745397885
2025-06-22T19:20:16.223203,adaptive_agent_01,adaptive_learning,1,1,0,0,0,1.0,0.0050829964525559365
2025-06-22T19:20:16.223203,adaptive_agent_02,adaptive_learning,1,1,0,0,0,1.0,0.004505609764772303
2025-06-22T19:20:16.223203,adaptive_agent_03,adaptive_learning,1,1,0,0,0,1.0,0.004209060879314647
2025-06-22T19:20:26.226133,compliant_agent_01,compliant,280,280,0,0,0,1.0,0.005873587467241202
2025-06-22T19:20:26.226133,compliant_agent_02,compliant,280,280,0,0,0,1.0,0.005020791834050959
2025-06-22T19:20:26.226133,compliant_agent_03,compliant,280,280,0,0,0,1.0,0.006376265629515078
2025-06-22T19:20:26.226133,noncompliant_agent_01,non_compliant,280,280,0,0,0,1.0,0.007850254708220402
2025-06-22T19:20:26.226133,noncompliant_agent_02,non_compliant,280,280,0,0,0,1.0,0.00803644814380775
2025-06-22T19:20:26.226133,mixed_agent_01,mixed_behavior,280,280,0,0,0,1.0,0.00606574051732898
2025-06-22T19:20:26.226133,mixed_agent_02,mixed_behavior,280,280,0,0,0,1.0,0.0058967306439676815
2025-06-22T19:20:26.226133,mixed_agent_03,mixed_behavior,280,280,0,0,0,1.0,0.005922159409140521
2025-06-22T19:20:26.226133,mixed_agent_04,mixed_behavior,280,280,0,0,0,1.0,0.006624923032872817
2025-06-22T19:20:26.226133,mixed_agent_05,mixed_behavior,280,280,0,0,0,1.0,0.006388644696131959
2025-06-22T19:20:26.226133,mixed_agent_06,mixed_behavior,280,280,0,0,0,1.0,0.006203492057514701
2025-06-22T19:20:26.226133,mixed_agent_07,mixed_behavior,280,280,0,0,0,1.0,0.006052072460426154
2025-06-22T19:20:26.226133,adaptive_agent_01,adaptive_learning,1,1,0,0,0,1.0,0.005091321383807676
2025-06-22T19:20:26.226133,adaptive_agent_02,adaptive_learning,1,1,0,0,0,1.0,0.0044853797195651005
2025-06-22T19:20:26.226133,adaptive_agent_03,adaptive_learning,1,1,0,0,0,1.0,0.00420463169720156
2025-06-22T19:20:36.229525,compliant_agent_01,compliant,290,290,0,0,0,1.0,0.005941070090472801
2025-06-22T19:20:36.229525,compliant_agent_02,compliant,290,290,0,0,0,1.0,0.005024635853332415
2025-06-22T19:20:36.229525,compliant_agent_03,compliant,290,290,0,0,0,1.0,0.006296161940504064
2025-06-22T19:20:36.229525,noncompliant_agent_01,non_compliant,290,290,0,0,0,1.0,0.007810114172772983
2025-06-22T19:20:36.229525,noncompliant_agent_02,non_compliant,290,290,0,0,0,1.0,0.008042359721434916
2025-06-22T19:20:36.229525,mixed_agent_01,mixed_behavior,290,290,0,0,0,1.0,0.006008907767868698
2025-06-22T19:20:36.229525,mixed_agent_02,mixed_behavior,290,290,0,0,0,1.0,0.005877283477126629
2025-06-22T19:20:36.229525,mixed_agent_03,mixed_behavior,290,290,0,0,0,1.0,0.00587820145021002
2025-06-22T19:20:36.229525,mixed_agent_04,mixed_behavior,290,290,0,0,0,1.0,0.006581591657024653
2025-06-22T19:20:36.229525,mixed_agent_05,mixed_behavior,290,290,0,0,0,1.0,0.006367710904697543
2025-06-22T19:20:36.229525,mixed_agent_06,mixed_behavior,290,290,0,0,0,1.0,0.006208484226167715
2025-06-22T19:20:36.229525,mixed_agent_07,mixed_behavior,290,290,0,0,0,1.0,0.006027576640222652
2025-06-22T19:20:36.229525,adaptive_agent_01,adaptive_learning,1,1,0,0,0,1.0,0.005071379550515789
2025-06-22T19:20:36.229525,adaptive_agent_02,adaptive_learning,1,1,0,0,0,1.0,0.004453994639932293
2025-06-22T19:20:36.229525,adaptive_agent_03,adaptive_learning,1,1,0,0,0,1.0,0.00421097997116716
2025-06-22T19:20:46.231679,compliant_agent_01,compliant,300,300,0,0,0,1.0,0.0059312607801694445
2025-06-22T19:20:46.231679,compliant_agent_02,compliant,300,300,0,0,0,1.0,0.004993653337094629
2025-06-22T19:20:46.231679,compliant_agent_03,compliant,300,300,0,0,0,1.0,0.006264017743001167
2025-06-22T19:20:46.231679,noncompliant_agent_01,non_compliant,300,300,0,0,0,1.0,0.007804664716546032
2025-06-22T19:20:46.231679,noncompliant_agent_02,non_compliant,300,300,0,0,0,1.0,0.00807215449417292
2025-06-22T19:20:46.231679,mixed_agent_01,mixed_behavior,300,300,0,0,0,1.0,0.006018381150510664
2025-06-22T19:20:46.231679,mixed_agent_02,mixed_behavior,300,300,0,0,0,1.0,0.005868325415942911
2025-06-22T19:20:46.231679,mixed_agent_03,mixed_behavior,300,300,0,0,0,1.0,0.005849747411819941
2025-06-22T19:20:46.231679,mixed_agent_04,mixed_behavior,300,300,0,0,0,1.0,0.0065241395534572505
2025-06-22T19:20:46.231679,mixed_agent_05,mixed_behavior,300,300,0,0,0,1.0,0.006334767365415957
2025-06-22T19:20:46.231679,mixed_agent_06,mixed_behavior,300,300,0,0,0,1.0,0.006175929020327855
2025-06-22T19:20:46.231679,mixed_agent_07,mixed_behavior,300,300,0,0,0,1.0,0.005998665401820534
2025-06-22T19:20:46.231679,adaptive_agent_01,adaptive_learning,1,1,0,0,0,1.0,0.005059223301363307
2025-06-22T19:20:46.231679,adaptive_agent_02,adaptive_learning,1,1,0,0,0,1.0,0.004441779970333276
2025-06-22T19:20:46.231679,adaptive_agent_03,adaptive_learning,1,1,0,0,0,1.0,0.004190399157290427
